Id,Genre
1,Action
1,Adventure
1,Sci-Fi
2,Adventure
2,Mystery
2,Sci-Fi
3,Horror
3,Thriller
4,Animation
4,Comedy
4,Family
5,Action
5,Adventure
5,Fantasy
6,Action
6,Adventure
6,Fantasy
7,Comedy
7,Drama
7,Music
8,Comedy
9,Action
9,Adventure
9,Biography
10,Adventure
10,Drama
10,Romance
11,Adventure
11,Family
11,Fantasy
12,Biography
12,Drama
12,History
13,Action
13,Adventure
13,Sci-Fi
14,Animation
14,Adventure
14,Comedy
15,Action
15,Comedy
15,Drama
16,Animation
16,Adventure
16,Comedy
17,Biography
17,Drama
17,History
18,Action
18,Thriller
19,Biography
19,Drama
20,Drama
20,Mystery
20,Sci-Fi
21,Adventure
21,Drama
21,Thriller
22,Drama
23,Crime
23,Drama
23,Horror
24,Animation
24,Adventure
24,Comedy
25,Action
25,Adventure
25,Sci-Fi
26,Comedy
27,Action
27,Adventure
27,Drama
28,Horror
28,Thriller
29,Comedy
30,Action
30,Adventure
30,Drama
31,Comedy
32,Drama
32,Thriller
33,Action
33,Adventure
33,Sci-Fi
34,Action
34,Adventure
34,Comedy
35,Action
35,Horror
35,Sci-Fi
36,Action
36,Adventure
36,Sci-Fi
37,Adventure
37,Drama
37,Sci-Fi
38,Action
38,Adventure
38,Fantasy
39,Action
39,Adventure
39,Western
40,Comedy
40,Drama
41,Animation
41,Adventure
41,Comedy
42,Drama
43,Horror
44,Biography
44,Drama
44,History
45,Drama
46,Action
46,Adventure
46,Fantasy
47,Drama
47,Thriller
48,Adventure
48,Drama
48,Fantasy
49,Action
49,Adventure
49,Sci-Fi
50,Drama
51,Action
51,Adventure
51,Fantasy
52,Action
52,Adventure
52,Fantasy
53,Comedy
53,Drama
54,Action
54,Crime
54,Thriller
55,Action
55,Crime
55,Drama
56,Adventure
56,Drama
56,History
57,Crime
57,Horror
57,Thriller
58,Drama
58,Romance
59,Comedy
59,Drama
59,Romance
60,Biography
60,Drama
61,Action
61,Adventure
61,Sci-Fi
62,Horror
62,Mystery
62,Thriller
63,Crime
63,Drama
63,Mystery
64,Drama
64,Romance
64,Thriller
65,Drama
65,Mystery
65,Sci-Fi
66,Action
66,Adventure
66,Comedy
67,Drama
67,History
67,Thriller
68,Action
68,Adventure
68,Sci-Fi
69,Drama
70,Action
70,Drama
70,Thriller
71,Drama
71,History
72,Action
72,Drama
72,Romance
73,Drama
73,Fantasy
74,Drama
74,Romance
75,Animation
75,Adventure
75,Comedy
76,Action
76,Adventure
76,Fantasy
77,Action
77,Sci-Fi
78,Adventure
78,Drama
78,War
79,Action
79,Adventure
79,Fantasy
80,Action
80,Comedy
80,Fantasy
81,Action
81,Adventure
81,Sci-Fi
82,Comedy
82,Drama
83,Biography
83,Comedy
83,Crime
84,Crime
84,Drama
84,Mystery
85,Action
85,Crime
85,Thriller
86,Action
86,Adventure
86,Sci-Fi
87,Crime
87,Drama
88,Action
88,Adventure
88,Fantasy
89,Crime
89,Drama
89,Mystery
90,Action
90,Crime
90,Drama
91,Crime
91,Drama
91,Mystery
92,Action
92,Adventure
92,Fantasy
93,Drama
94,Comedy
94,Crime
94,Drama
95,Action
95,Adventure
95,Sci-Fi
96,Action
96,Comedy
96,Crime
97,Animation
97,Drama
97,Fantasy
98,Horror
98,Mystery
98,Sci-Fi
99,Drama
99,Mystery
99,Thriller
100,Crime
100,Drama
100,Thriller
101,Biography
101,Crime
101,Drama
102,Action
102,Adventure
102,Fantasy
103,Adventure
103,Drama
103,Sci-Fi
104,Crime
104,Mystery
104,Thriller
105,Action
105,Adventure
105,Comedy
106,Crime
106,Drama
106,Thriller
107,Comedy
108,Action
108,Adventure
108,Drama
109,Drama
110,Drama
110,Mystery
110,Sci-Fi
111,Action
111,Horror
111,Thriller
112,Biography
112,Drama
112,History
113,Romance
113,Sci-Fi
114,Action
114,Fantasy
114,War
115,Adventure
115,Drama
115,Fantasy
116,Comedy
117,Horror
117,Thriller
118,Action
118,Biography
118,Drama
119,Drama
119,Horror
119,Mystery
120,Animation
120,Adventure
120,Comedy
121,Adventure
121,Drama
121,Family
122,Adventure
122,Mystery
122,Sci-Fi
123,Adventure
123,Comedy
123,Romance
124,Action
125,Action
125,Thriller
126,Adventure
126,Drama
126,Family
127,Action
127,Adventure
127,Sci-Fi
128,Adventure
128,Crime
128,Mystery
129,Comedy
129,Family
129,Musical
130,Adventure
130,Drama
130,Thriller
131,Drama
132,Adventure
132,Comedy
132,Drama
133,Drama
133,Horror
133,Thriller
134,Drama
134,Music
135,Action
135,Crime
135,Thriller
136,Crime
136,Drama
136,Thriller
137,Crime
137,Drama
137,Thriller
138,Drama
138,Romance
139,Mystery
139,Thriller
140,Mystery
140,Thriller
140,Western
141,Action
141,Adventure
141,Sci-Fi
142,Comedy
142,Family
143,Biography
143,Comedy
143,Drama
144,Drama
145,Drama
145,Western
146,Drama
146,Mystery
146,Romance
147,Comedy
147,Drama
148,Action
148,Drama
148,Mystery
149,Comedy
150,Action
150,Adventure
150,Crime
151,Adventure
151,Family
151,Fantasy
152,Adventure
152,Sci-Fi
152,Thriller
153,Drama
154,Action
154,Crime
154,Drama
155,Drama
155,Horror
155,Mystery
156,Action
156,Horror
156,Sci-Fi
157,Action
157,Adventure
157,Sci-Fi
158,Comedy
158,Drama
158,Romance
159,Action
159,Comedy
159,Fantasy
160,Action
160,Comedy
160,Mystery
161,Thriller
161,War
162,Action
162,Comedy
162,Crime
163,Action
163,Adventure
163,Sci-Fi
164,Action
164,Adventure
164,Crime
165,Action
165,Adventure
165,Thriller
166,Drama
166,Fantasy
166,Romance
167,Action
167,Adventure
167,Comedy
168,Biography
168,Drama
168,History
169,Action
169,Drama
169,History
170,Action
170,Adventure
170,Thriller
171,Crime
171,Drama
171,Thriller
172,Animation
172,Adventure
172,Family
173,Adventure
173,Horror
174,Drama
174,Romance
174,Sci-Fi
175,Animation
175,Adventure
175,Comedy
176,Action
176,Adventure
176,Family
177,Action
177,Adventure
177,Drama
178,Action
178,Comedy
179,Horror
179,Mystery
179,Thriller
180,Action
180,Adventure
180,Comedy
181,Comedy
181,Romance
182,Horror
182,Mystery
183,Drama
183,Family
183,Fantasy
184,Sci-Fi
185,Drama
185,Thriller
186,Drama
186,Romance
187,Drama
187,War
188,Drama
188,Fantasy
188,Horror
189,Crime
189,Drama
190,Comedy
190,Drama
190,Romance
191,Drama
191,Romance
192,Drama
193,Crime
193,Drama
193,History
194,Horror
194,Sci-Fi
194,Thriller
195,Action
195,Drama
195,Sport
196,Action
196,Adventure
196,Sci-Fi
197,Crime
197,Drama
197,Thriller
198,Adventure
198,Biography
198,Drama
199,Biography
199,Drama
199,Thriller
200,Action
200,Comedy
200,Crime
201,Action
201,Adventure
201,Sci-Fi
202,Drama
202,Fantasy
202,Horror
203,Biography
203,Drama
203,Thriller
204,Action
204,Adventure
204,Sci-Fi
205,Action
205,Adventure
205,Mystery
206,Action
206,Adventure
206,Sci-Fi
207,Drama
207,Horror
208,Comedy
208,Drama
208,Romance
209,Comedy
209,Romance
210,Drama
210,Horror
210,Thriller
211,Action
211,Adventure
211,Drama
212,Drama
213,Action
213,Adventure
213,Sci-Fi
214,Action
214,Drama
214,Mystery
215,Action
215,Adventure
215,Fantasy
216,Action
216,Adventure
216,Fantasy
217,Action
217,Adventure
217,Sci-Fi
218,Action
218,Adventure
218,Comedy
219,Drama
219,Horror
220,Action
220,Comedy
221,Action
221,Adventure
221,Sci-Fi
222,Animation
222,Adventure
222,Comedy
223,Horror
223,Mystery
224,Crime
224,Drama
224,Mystery
225,Comedy
225,Crime
226,Drama
227,Comedy
227,Drama
227,Romance
228,Action
228,Adventure
228,Sci-Fi
229,Action
229,Adventure
229,Family
230,Horror
230,Sci-Fi
230,Thriller
231,Drama
231,Fantasy
231,War
232,Crime
232,Drama
232,Thriller
233,Action
233,Adventure
233,Drama
234,Action
234,Adventure
234,Thriller
235,Action
235,Adventure
235,Drama
236,Drama
236,Romance
237,Biography
237,Drama
237,History
238,Drama
238,Horror
238,Thriller
239,Adventure
239,Comedy
239,Drama
240,Action
240,Adventure
240,Romance
241,Action
241,Drama
241,War
242,Animation
242,Adventure
242,Comedy
243,Animation
243,Adventure
243,Comedy
244,Action
244,Adventure
244,Sci-Fi
245,Adventure
245,Family
245,Fantasy
246,Drama
246,Musical
246,Romance
247,Drama
247,Sci-Fi
247,Thriller
248,Comedy
248,Drama
249,Action
249,Comedy
249,Crime
250,Biography
250,Comedy
250,Drama
251,Comedy
251,Drama
251,Romance
252,Drama
252,Thriller
253,Biography
253,Drama
253,History
254,Action
254,Adventure
254,Sci-Fi
255,Horror
255,Mystery
255,Thriller
256,Comedy
257,Action
257,Adventure
257,Sci-Fi
258,Action
258,Drama
258,Sci-Fi
259,Horror
260,Drama
260,Thriller
261,Comedy
261,Drama
261,Romance
262,Drama
262,Thriller
263,Comedy
263,Drama
264,Drama
265,Action
265,Adventure
265,Comedy
266,Drama
266,Horror
266,Thriller
267,Comedy
268,Drama
268,Sci-Fi
269,Action
269,Adventure
269,Sci-Fi
270,Horror
271,Action
271,Adventure
271,Thriller
272,Adventure
272,Fantasy
273,Action
273,Comedy
273,Crime
274,Comedy
274,Drama
274,Music
275,Animation
275,Adventure
275,Comedy
276,Action
276,Adventure
276,Mystery
277,Action
277,Comedy
277,Crime
278,Crime
278,Drama
278,History
279,Comedy
280,Action
280,Adventure
280,Sci-Fi
281,Crime
281,Mystery
281,Thriller
282,Action
282,Adventure
282,Crime
283,Thriller
284,Biography
284,Drama
284,Romance
285,Action
285,Adventure
286,Action
286,Fantasy
287,Action
287,Comedy
288,Action
288,Adventure
288,Sci-Fi
289,Action
289,Comedy
289,Crime
290,Thriller
291,Action
291,Drama
291,Horror
292,Comedy
292,Music
292,Romance
293,Comedy
294,Drama
295,Action
295,Adventure
295,Fantasy
296,Drama
296,Romance
297,Animation
297,Adventure
297,Comedy
298,Comedy
298,Drama
299,Biography
299,Crime
299,Drama
300,Drama
300,History
301,Action
301,Crime
301,Thriller
302,Action
302,Biography
302,Drama
303,Horror
304,Comedy
304,Romance
305,Comedy
305,Romance
306,Comedy
306,Crime
306,Drama
307,Adventure
307,Family
307,Fantasy
308,Crime
308,Drama
308,Thriller
309,Action
309,Crime
309,Thriller
310,Comedy
310,Romance
311,Biography
311,Drama
311,Sport
312,Drama
312,Romance
313,Drama
313,Horror
314,Adventure
314,Fantasy
315,Adventure
315,Family
315,Fantasy
316,Action
316,Drama
316,Sci-Fi
317,Action
317,Adventure
317,Sci-Fi
318,Action
318,Horror
319,Comedy
319,Horror
319,Thriller
320,Action
320,Crime
320,Thriller
321,Crime
321,Drama
321,Music
322,Drama
323,Action
323,Crime
323,Thriller
324,Action
324,Sci-Fi
324,Thriller
325,Biography
325,Drama
326,Action
326,Adventure
326,Fantasy
327,Drama
327,Horror
327,Sci-Fi
328,Biography
328,Comedy
328,Drama
329,Crime
329,Horror
329,Thriller
330,Crime
330,Drama
330,Mystery
331,Animation
331,Adventure
331,Comedy
332,Action
332,Biography
332,Drama
333,Biography
333,Drama
334,Biography
334,Drama
334,History
335,Action
335,Biography
335,Drama
336,Drama
336,Fantasy
336,Horror
337,Comedy
337,Drama
337,Romance
338,Drama
338,Sport
339,Drama
339,Romance
340,Comedy
340,Romance
341,Action
341,Crime
341,Thriller
342,Action
342,Crime
342,Drama
343,Action
343,Drama
343,Thriller
344,Adventure
344,Family
344,Fantasy
345,Action
345,Adventure
346,Action
346,Adventure
346,Romance
347,Adventure
347,Family
347,Fantasy
348,Crime
348,Drama
349,Comedy
349,Horror
350,Comedy
350,Fantasy
350,Romance
351,Drama
352,Drama
353,Comedy
353,Drama
354,Comedy
354,Drama
354,Romance
355,Adventure
355,Sci-Fi
355,Thriller
356,Action
356,Adventure
356,Fantasy
357,Comedy
357,Drama
358,Biography
358,Drama
358,Romance
359,Comedy
359,Fantasy
360,Comedy
360,Drama
360,Fantasy
361,Comedy
362,Horror
362,Thriller
363,Action
363,Adventure
363,Sci-Fi
364,Adventure
364,Comedy
364,Horror
365,Comedy
365,Mystery
366,Drama
367,Adventure
367,Drama
367,Fantasy
368,Drama
368,Sport
369,Action
369,Adventure
370,Action
370,Adventure
370,Drama
371,Action
371,Drama
371,Sci-Fi
372,Action
372,Mystery
372,Sci-Fi
373,Action
373,Crime
373,Drama
374,Action
374,Crime
374,Fantasy
375,Biography
375,Comedy
375,Drama
376,Action
376,Crime
376,Thriller
377,Biography
377,Crime
377,Drama
378,Drama
378,Sport
379,Adventure
379,Comedy
379,Drama
380,Action
380,Adventure
380,Thriller
381,Comedy
381,Fantasy
381,Horror
382,Drama
382,Sport
383,Horror
383,Thriller
384,Drama
384,History
384,Thriller
385,Animation
385,Action
385,Adventure
386,Action
386,Adventure
386,Drama
387,Action
387,Comedy
387,Family
388,Action
388,Adventure
388,Drama
389,Action
389,Adventure
389,Sci-Fi
390,Action
390,Adventure
390,Sci-Fi
391,Action
391,Comedy
392,Action
392,Crime
392,Drama
393,Biography
393,Drama
394,Comedy
394,Romance
395,Comedy
396,Drama
396,Fantasy
396,Romance
397,Action
397,Adventure
397,Sci-Fi
398,Comedy
399,Comedy
399,Sci-Fi
400,Comedy
400,Drama
401,Animation
401,Action
401,Adventure
402,Horror
403,Action
403,Biography
403,Crime
404,Animation
404,Adventure
404,Comedy
405,Drama
405,Romance
406,Drama
406,Mystery
406,Thriller
407,Drama
407,History
407,Thriller
408,Animation
408,Adventure
408,Comedy
409,Action
409,Adventure
409,Sci-Fi
410,Adventure
410,Comedy
411,Action
411,Thriller
412,Comedy
412,Music
413,Animation
413,Adventure
413,Comedy
414,Crime
414,Drama
414,Thriller
415,Action
415,Adventure
415,Crime
416,Comedy
416,Drama
416,Horror
417,Drama
418,Drama
418,Mystery
418,Romance
419,Adventure
419,Family
419,Fantasy
420,Drama
421,Action
421,Drama
421,Thriller
422,Drama
423,Action
423,Horror
423,Romance
424,Action
424,Drama
424,Fantasy
425,Action
425,Crime
425,Drama
426,Drama
426,Fantasy
426,Romance
427,Action
427,Crime
427,Thriller
428,Action
428,Mystery
428,Thriller
429,Horror
429,Mystery
429,Thriller
430,Action
430,Horror
430,Sci-Fi
431,Comedy
431,Drama
432,Comedy
433,Action
433,Adventure
433,Horror
434,Action
434,Adventure
434,Thriller
435,Action
435,Crime
435,Drama
436,Comedy
436,Crime
436,Drama
437,Drama
437,Romance
438,Drama
438,Thriller
439,Action
439,Comedy
439,Crime
440,Comedy
441,Adventure
441,Family
441,Fantasy
442,Drama
442,Romance
443,Animation
443,Family
443,Fantasy
444,Drama
444,Romance
445,Thriller
446,Adventure
446,Horror
446,Mystery
447,Action
447,Sci-Fi
448,Adventure
448,Comedy
448,Drama
449,Animation
449,Action
449,Adventure
450,Drama
450,Horror
451,Action
451,Adventure
451,Sci-Fi
452,Comedy
452,Drama
453,Action
453,Horror
453,Mystery
454,Action
454,Thriller
455,Action
455,Adventure
455,Sci-Fi
456,Drama
457,Comedy
457,Drama
457,Romance
458,Comedy
458,Crime
459,Comedy
459,Romance
460,Drama
460,Romance
461,Crime
461,Drama
461,Thriller
462,Horror
462,Mystery
462,Thriller
463,Biography
463,Drama
464,Drama
464,Mystery
464,Sci-Fi
465,Adventure
465,Comedy
465,Family
466,Action
466,Adventure
466,Crime
467,Action
467,Crime
467,Mystery
468,Mystery
468,Thriller
469,Action
469,Sci-Fi
469,Thriller
470,Action
470,Comedy
470,Crime
471,Biography
471,Crime
471,Drama
472,Biography
472,Drama
472,History
473,Action
473,Adventure
473,Sci-Fi
474,Adventure
474,Family
474,Fantasy
475,Biography
475,Drama
475,History
476,Biography
476,Comedy
476,Drama
477,Drama
477,Thriller
478,Horror
478,Thriller
479,Drama
480,Drama
480,War
481,Comedy
481,Drama
481,Romance
482,Drama
482,Romance
482,Sci-Fi
483,Action
483,Crime
483,Drama
484,Comedy
484,Drama
485,Animation
485,Action
485,Adventure
486,Adventure
486,Comedy
486,Drama
487,Comedy
487,Drama
487,Family
488,Drama
488,Romance
488,Thriller
489,Comedy
489,Crime
489,Drama
490,Animation
490,Comedy
490,Family
491,Drama
491,Horror
491,Sci-Fi
492,Action
492,Adventure
492,Drama
493,Action
493,Horror
493,Sci-Fi
494,Action
494,Crime
494,Sport
495,Drama
495,Horror
495,Sci-Fi
496,Drama
496,Horror
496,Sci-Fi
497,Action
497,Adventure
497,Comedy
498,Mystery
498,Sci-Fi
498,Thriller
499,Crime
499,Drama
499,Thriller
500,Animation
500,Adventure
500,Comedy
501,Action
501,Sci-Fi
501,Thriller
502,Drama
502,Romance
503,Crime
503,Drama
503,Thriller
504,Comedy
504,Drama
504,Music
505,Drama
505,Fantasy
505,Romance
506,Crime
506,Drama
506,Thriller
507,Crime
507,Drama
507,Thriller
508,Comedy
508,Drama
508,Romance
509,Comedy
509,Romance
510,Drama
510,Sci-Fi
510,Thriller
511,Drama
511,War
512,Action
512,Crime
512,Drama
513,Sci-Fi
513,Thriller
514,Adventure
514,Drama
514,Horror
515,Comedy
515,Drama
515,Music
516,Comedy
516,Drama
516,Romance
517,Action
517,Adventure
517,Drama
518,Action
518,Crime
518,Drama
519,Adventure
519,Fantasy
520,Drama
520,Romance
521,Biography
521,History
521,Thriller
522,Crime
522,Drama
522,Thriller
523,Action
523,Drama
523,History
524,Biography
524,Comedy
524,Drama
525,Crime
525,Drama
525,Thriller
526,Action
526,Biography
526,Drama
527,Action
527,Drama
527,Sci-Fi
528,Adventure
528,Horror
529,Action
529,Adventure
529,Sci-Fi
530,Action
530,Adventure
530,Mystery
531,Comedy
531,Drama
531,Romance
532,Horror
532,Thriller
533,Action
533,Sci-Fi
533,Thriller
534,Action
534,Sci-Fi
534,Thriller
535,Biography
535,Drama
536,Action
536,Crime
536,Drama
537,Action
537,Crime
537,Mystery
538,Action
538,Adventure
538,Comedy
539,Crime
539,Drama
539,Thriller
540,Crime
540,Drama
541,Mystery
541,Thriller
542,Mystery
542,Sci-Fi
542,Thriller
543,Action
543,Mystery
543,Sci-Fi
544,Drama
544,Romance
545,Drama
545,Thriller
546,Drama
546,Mystery
546,Sci-Fi
547,Comedy
547,Drama
548,Adventure
548,Family
548,Fantasy
549,Biography
549,Drama
549,Sport
550,Drama
551,Comedy
551,Drama
551,Romance
552,Biography
552,Drama
552,Romance
553,Action
553,Adventure
553,Sci-Fi
554,Drama
554,Sci-Fi
554,Thriller
555,Drama
555,Romance
555,Thriller
556,Mystery
556,Thriller
557,Mystery
557,Thriller
558,Action
558,Drama
558,Fantasy
559,Action
559,Adventure
559,Biography
560,Adventure
560,Comedy
560,Sci-Fi
561,Action
561,Adventure
561,Thriller
562,Fantasy
562,Horror
563,Horror
563,Mystery
564,Animation
564,Adventure
564,Comedy
565,Action
565,Adventure
565,Drama
566,Adventure
566,Family
566,Fantasy
567,Action
567,Adventure
567,Sci-Fi
568,Comedy
568,Drama
569,Comedy
569,Drama
570,Crime
570,Drama
570,Thriller
571,Comedy
571,Romance
572,Animation
572,Comedy
572,Family
573,Comedy
573,Drama
574,Comedy
574,Drama
575,Biography
575,Drama
575,Sport
576,Action
576,Adventure
576,Fantasy
577,Action
577,Drama
577,History
578,Action
578,Adventure
578,Sci-Fi
579,Action
579,Adventure
579,Mystery
580,Crime
580,Drama
580,Mystery
581,Action
582,Action
582,Adventure
582,Family
583,Comedy
583,Romance
584,Comedy
584,Drama
584,Romance
585,Biography
585,Drama
585,Sport
586,Action
586,Fantasy
586,Thriller
587,Biography
587,Drama
587,Sport
588,Action
588,Drama
588,Fantasy
589,Adventure
589,Sci-Fi
589,Thriller
590,Animation
590,Adventure
590,Comedy
591,Drama
591,Mystery
591,Thriller
592,Drama
592,Romance
593,Crime
593,Drama
593,Mystery
594,Comedy
594,Romance
594,Sport
595,Comedy
595,Family
596,Drama
596,Horror
596,Mystery
597,Action
597,Drama
597,Sport
598,Action
598,Adventure
598,Comedy
599,Drama
599,Mystery
599,Sci-Fi
600,Animation
600,Action
600,Comedy
601,Action
601,Crime
601,Drama
602,Action
602,Crime
602,Drama
603,Comedy
603,Drama
603,Romance
604,Animation
604,Action
604,Adventure
605,Crime
605,Drama
606,Drama
607,Drama
608,Comedy
608,Crime
609,Drama
610,Action
610,Adventure
610,Fantasy
611,Drama
611,Fantasy
611,Romance
612,Comedy
612,Drama
613,Drama
613,Fantasy
613,Thriller
614,Biography
614,Crime
614,Drama
615,Comedy
615,Drama
615,Romance
616,Action
616,Crime
616,Drama
617,Sci-Fi
618,Action
618,Biography
618,Drama
619,Action
619,Comedy
619,Romance
620,Adventure
620,Comedy
620,Drama
621,Comedy
621,Crime
621,Drama
622,Action
622,Fantasy
622,Horror
623,Drama
623,Horror
624,Horror
625,Action
625,Thriller
626,Action
626,Adventure
626,Mystery
627,Action
627,Adventure
627,Fantasy
628,Comedy
628,Drama
628,Romance
629,Crime
629,Drama
629,Mystery
630,Adventure
630,Comedy
630,Family
631,Comedy
631,Drama
631,Romance
632,Comedy
633,Comedy
633,Drama
633,Horror
634,Drama
634,Horror
634,Thriller
635,Animation
635,Adventure
635,Family
636,Comedy
636,Romance
637,Mystery
637,Romance
637,Sci-Fi
638,Crime
638,Drama
639,Drama
639,Horror
639,Mystery
640,Comedy
641,Biography
641,Drama
642,Comedy
642,Drama
642,Thriller
643,Comedy
643,Western
644,Drama
644,History
644,War
645,Drama
645,Horror
645,Sci-Fi
646,Drama
647,Comedy
647,Drama
648,Fantasy
648,Horror
648,Thriller
649,Drama
649,Romance
650,Action
650,Comedy
650,Fantasy
651,Drama
651,Horror
651,Musical
652,Crime
652,Drama
652,Mystery
653,Horror
653,Mystery
653,Thriller
654,Comedy
654,Music
655,Drama
656,Biography
656,Crime
656,Drama
657,Drama
658,Action
658,Adventure
658,Comedy
659,Crime
659,Drama
659,Mystery
660,Drama
661,Action
661,Comedy
661,Crime
662,Comedy
662,Drama
662,Romance
663,Crime
663,Drama
663,Mystery
664,Action
664,Comedy
664,Crime
665,Drama
666,Drama
666,Romance
667,Crime
667,Drama
667,Mystery
668,Adventure
668,Comedy
668,Romance
669,Comedy
669,Crime
669,Drama
670,Adventure
670,Drama
670,Thriller
671,Biography
671,Crime
671,Drama
672,Crime
672,Drama
672,Thriller
673,Drama
673,History
673,Thriller
674,Action
674,Adventure
674,Sci-Fi
675,Action
675,Comedy
676,Horror
677,Action
677,Crime
677,Mystery
678,Comedy
678,Romance
679,Comedy
680,Action
680,Drama
680,Thriller
681,Action
681,Adventure
681,Sci-Fi
682,Drama
682,Mystery
682,Thriller
683,Comedy
683,Drama
683,Romance
684,Action
684,Fantasy
684,Horror
685,Drama
685,Romance
686,Biography
686,Drama
687,Biography
687,Drama
688,Action
688,Adventure
688,Sci-Fi
689,Animation
689,Adventure
689,Comedy
690,Drama
690,Mystery
690,Thriller
691,Action
691,Horror
691,Sci-Fi
692,Drama
692,Romance
693,Biography
693,Drama
694,Action
694,Adventure
694,Drama
695,Adventure
695,Drama
695,Fantasy
696,Drama
696,Family
697,Comedy
697,Drama
697,Romance
698,Drama
698,Romance
698,Sci-Fi
699,Action
699,Adventure
699,Thriller
700,Comedy
700,Romance
701,Crime
701,Drama
701,Horror
702,Comedy
702,Fantasy
703,Action
703,Comedy
703,Crime
704,Adventure
704,Drama
704,Romance
705,Action
705,Crime
705,Drama
706,Crime
706,Horror
706,Thriller
707,Romance
707,Sci-Fi
707,Thriller
708,Comedy
708,Drama
708,Romance
709,Crime
709,Drama
710,Crime
710,Drama
710,Mystery
711,Action
711,Adventure
711,Sci-Fi
712,Animation
712,Fantasy
713,Animation
713,Adventure
713,Comedy
714,Drama
714,Mystery
714,War
715,Comedy
715,Romance
716,Animation
716,Comedy
716,Family
717,Comedy
718,Horror
718,Mystery
718,Thriller
719,Action
719,Adventure
719,Drama
720,Comedy
721,Drama
722,Adventure
722,Biography
722,Drama
723,Comedy
724,Horror
724,Thriller
725,Action
725,Drama
725,Family
726,Comedy
726,Fantasy
726,Horror
727,Comedy
727,Romance
728,Drama
728,Mystery
728,Romance
729,Action
729,Adventure
729,Comedy
730,Thriller
731,Comedy
732,Adventure
732,Comedy
732,Sci-Fi
733,Comedy
733,Drama
733,Fantasy
734,Mystery
734,Thriller
735,Comedy
735,Drama
736,Adventure
736,Drama
736,Family
737,Horror
737,Thriller
738,Action
738,Drama
738,Romance
739,Drama
739,Romance
740,Action
740,Adventure
740,Fantasy
741,Comedy
742,Action
742,Biography
742,Drama
743,Drama
743,Mystery
743,Romance
744,Adventure
744,Drama
744,Western
745,Drama
745,Music
745,Romance
746,Comedy
746,Romance
746,Western
747,Thriller
748,Comedy
748,Drama
748,Romance
749,Horror
749,Thriller
750,Adventure
750,Family
750,Fantasy
751,Crime
751,Drama
751,Mystery
752,Horror
752,Mystery
753,Comedy
753,Crime
753,Drama
754,Action
754,Comedy
754,Romance
755,Biography
755,Drama
755,History
756,Adventure
756,Drama
757,Drama
757,Thriller
758,Drama
759,Action
759,Adventure
759,Fantasy
760,Action
760,Biography
760,Drama
761,Drama
761,Music
762,Comedy
762,Drama
763,Drama
763,Thriller
763,War
764,Action
764,Mystery
764,Thriller
765,Horror
765,Sci-Fi
765,Thriller
766,Comedy
766,Drama
766,Romance
767,Action
767,Sci-Fi
768,Action
768,Adventure
768,Fantasy
769,Drama
769,Mystery
769,Romance
770,Drama
771,Action
771,Adventure
771,Thriller
772,Action
772,Crime
772,Thriller
773,Animation
773,Action
773,Adventure
774,Drama
774,Fantasy
774,Mystery
775,Drama
775,Sci-Fi
776,Animation
776,Adventure
776,Comedy
777,Horror
777,Thriller
778,Action
778,Thriller
779,Comedy
780,Biography
780,Drama
781,Action
781,Mystery
781,Thriller
782,Action
782,Mystery
782,Sci-Fi
783,Crime
783,Drama
783,Thriller
784,Comedy
784,Romance
785,Comedy
785,Drama
785,Romance
786,Biography
786,Drama
786,Thriller
787,Drama
788,Action
788,Adventure
788,Family
789,Animation
789,Comedy
789,Family
790,Action
790,Crime
790,Drama
791,Comedy
792,Comedy
792,Crime
792,Thriller
793,Comedy
793,Romance
794,Animation
794,Comedy
794,Drama
795,Action
795,Crime
795,Thriller
796,Comedy
796,Romance
797,Adventure
797,Biography
797,Drama
798,Animation
798,Adventure
798,Comedy
799,Crime
799,Drama
799,Mystery
800,Action
800,Comedy
800,Sci-Fi
801,Comedy
801,Fantasy
801,Horror
802,Comedy
802,Crime
803,Animation
803,Action
803,Adventure
804,Action
804,Drama
804,Thriller
805,Fantasy
805,Horror
806,Crime
806,Drama
806,Thriller
807,Action
807,Adventure
807,Fantasy
808,Comedy
808,Drama
808,Romance
809,Biography
809,Drama
809,Romance
810,Action
810,Drama
810,History
811,Action
811,Adventure
811,Comedy
812,Horror
812,Thriller
813,Horror
813,Mystery
813,Thriller
814,Comedy
814,Romance
815,Animation
815,Adventure
815,Comedy
816,Crime
816,Drama
816,Mystery
817,Crime
817,Drama
817,Mystery
818,Adventure
818,Biography
818,Drama
819,Horror
819,Mystery
819,Thriller
820,Horror
820,Thriller
821,Drama
821,Romance
821,War
822,Adventure
822,Fantasy
822,Mystery
823,Action
823,Adventure
823,Sci-Fi
824,Biography
824,Drama
825,Drama
825,Thriller
826,Horror
826,Thriller
827,Drama
827,Horror
827,Thriller
828,Action
828,Adventure
828,Fantasy
829,Action
829,Horror
829,Thriller
830,Comedy
831,Drama
831,Sport
832,Comedy
832,Family
833,Drama
833,Romance
834,Action
834,Adventure
834,Comedy
835,Comedy
836,Mystery
836,Romance
836,Thriller
837,Crime
837,Drama
838,Action
838,Comedy
839,Crime
839,Drama
839,Mystery
840,Biography
840,Drama
840,Romance
841,Comedy
841,Crime
842,Drama
842,Thriller
843,Drama
844,Animation
844,Adventure
844,Comedy
845,Action
845,Thriller
846,Drama
846,Thriller
847,Animation
847,Adventure
847,Comedy
848,Crime
848,Drama
848,Mystery
849,Thriller
850,Biography
850,Drama
850,Sport
851,Crime
851,Drama
851,Thriller
852,Drama
852,Music
853,Crime
853,Drama
853,Thriller
854,Drama
854,Romance
855,Animation
855,Action
855,Adventure
856,Comedy
856,Drama
857,Action
857,Adventure
857,Drama
858,Biography
858,Crime
858,Drama
859,Horror
860,Biography
860,Drama
860,Mystery
861,Drama
861,Romance
862,Animation
862,Drama
862,Romance
863,Comedy
863,Family
864,Drama
865,Mystery
865,Thriller
866,Drama
866,Fantasy
866,Horror
867,Drama
867,Romance
868,Biography
868,Drama
868,History
869,Comedy
869,Family
870,Action
870,Adventure
870,Thriller
871,Comedy
871,Drama
872,Action
872,Adventure
872,Fantasy
873,Action
873,Thriller
874,Drama
874,Romance
875,Comedy
875,Drama
875,Romance
876,Drama
876,Horror
876,Sci-Fi
877,Comedy
877,Horror
877,Romance
878,Drama
879,Action
879,Adventure
879,Sci-Fi
880,Action
880,Adventure
880,Fantasy
881,Action
881,Adventure
881,Drama
882,Biography
882,Comedy
882,Drama
883,Drama
883,Mystery
883,Romance
884,Animation
884,Adventure
884,Comedy
885,Drama
885,Romance
885,Sci-Fi
886,Drama
887,Drama
887,Fantasy
888,Drama
888,Romance
889,Comedy
889,Horror
889,Thriller
890,Comedy
890,Drama
890,Romance
891,Crime
891,Drama
892,Comedy
892,Romance
893,Action
893,Drama
893,Family
894,Comedy
894,Drama
894,Romance
895,Action
895,Thriller
895,War
896,Action
896,Comedy
896,Horror
897,Biography
897,Drama
897,Sport
898,Adventure
898,Comedy
898,Drama
899,Comedy
899,Romance
900,Comedy
900,Romance
901,Comedy
901,Drama
901,Romance
902,Action
902,Adventure
902,Crime
903,Comedy
903,Romance
904,Animation
904,Action
904,Adventure
905,Action
905,Crime
905,Sci-Fi
906,Drama
907,Comedy
907,Drama
907,Romance
908,Crime
908,Thriller
909,Comedy
909,Horror
909,Sci-Fi
910,Drama
910,Thriller
911,Drama
911,Fantasy
911,Horror
912,Thriller
913,Adventure
913,Drama
913,Family
914,Mystery
914,Sci-Fi
914,Thriller
915,Biography
915,Crime
915,Drama
916,Drama
916,Fantasy
916,Horror
917,Action
917,Adventure
917,Thriller
918,Crime
918,Drama
918,Horror
919,Crime
919,Drama
919,Fantasy
920,Adventure
920,Family
920,Fantasy
921,Action
921,Adventure
921,Drama
922,Action
922,Comedy
922,Horror
923,Comedy
923,Drama
923,Family
924,Action
924,Thriller
925,Action
925,Adventure
925,Sci-Fi
926,Adventure
926,Drama
926,Fantasy
927,Drama
928,Drama
929,Comedy
930,Drama
931,Comedy
931,Drama
931,Music
932,Drama
932,Fantasy
932,Music
933,Drama
934,Thriller
935,Comedy
935,Horror
936,Action
936,Comedy
936,Sport
937,Horror
938,Comedy
938,Drama
939,Action
939,Drama
939,Thriller
940,Drama
940,Romance
941,Horror
941,Mystery
942,Adventure
942,Drama
942,Fantasy
943,Thriller
944,Comedy
944,Romance
945,Action
945,Sci-Fi
945,Thriller
946,Fantasy
946,Mystery
946,Thriller
947,Biography
947,Drama
948,Crime
948,Drama
949,Action
949,Adventure
949,Sci-Fi
950,Adventure
951,Comedy
951,Drama
952,Comedy
952,Drama
953,Comedy
953,Drama
953,Romance
954,Adventure
954,Comedy
954,Drama
955,Action
955,Sci-Fi
955,Thriller
956,Comedy
956,Romance
957,Action
957,Fantasy
957,Horror
958,Crime
958,Drama
958,Thriller
959,Action
959,Drama
959,Thriller
960,Crime
960,Drama
960,Mystery
961,Crime
961,Drama
961,Mystery
962,Drama
962,Sci-Fi
962,Thriller
963,Biography
963,Drama
963,History
964,Crime
964,Horror
964,Thriller
965,Drama
966,Drama
966,Mystery
966,Thriller
967,Adventure
967,Biography
968,Adventure
968,Biography
968,Crime
969,Action
969,Horror
969,Thriller
970,Action
970,Adventure
970,Western
971,Horror
971,Thriller
972,Drama
972,Mystery
972,Thriller
973,Comedy
973,Drama
973,Musical
974,Horror
974,Mystery
975,Biography
975,Drama
975,Sport
976,Comedy
976,Family
976,Romance
977,Drama
977,Mystery
977,Thriller
978,Comedy
979,Drama
980,Drama
980,Thriller
981,Biography
981,Drama
981,Family
982,Comedy
982,Drama
982,Family
983,Drama
983,Fantasy
983,Musical
984,Comedy
985,Adventure
985,Family
986,Adventure
986,Comedy
986,Fantasy
987,Horror
987,Thriller
988,Drama
988,Romance
989,Horror
990,Biography
990,Drama
990,History
991,Action
991,Adventure
991,Fantasy
992,Drama
992,Family
992,Music
993,Comedy
993,Drama
993,Romance
994,Action
994,Adventure
994,Horror
995,Comedy
996,Crime
996,Drama
996,Mystery
997,Horror
998,Drama
998,Music
998,Romance
999,Adventure
999,Comedy
1000,Comedy
1000,Family
1000,Fantasy
